id,tweets,created_at
1236043600716345351,Bed with my hot water bottle for my back BLISS â˜º,Fri Mar 06 21:38:53 +0000 2020
1236043674859057157,I'm quick to post negative experiences on social media and often forget to post the positive ones.   Shoutout to @airtransat for handling my lost and then damaged bags quickly and professionally and to my satisfaction.  #goodcustomerservice #satisfied #flyingoutagainsoon,Fri Mar 06 21:39:11 +0000 2020
1236043749865795586,"@The_Evil_Barbie Awesome, lovely and a certain head mistress look rolled into one â˜º â˜º â˜º",Fri Mar 06 21:39:29 +0000 2020
1236043803410210816,RT @Metanoia100: Happy Friday â˜º https://t.co/YCi94FQb4k,Fri Mar 06 21:39:41 +0000 2020
1236043811379277824,"RT @vineethians: Be honest and answer 

1. Like you ğŸ˜˜
2. Boring ğŸ˜ª
3. Unique ğŸ˜²
4. Full of attitude ğŸ˜
5. Sweet ğŸ˜‹
6. Stranger â˜ºï¸
7. Crush on yâ€¦",Fri Mar 06 21:39:43 +0000 2020
1236043847114919937,Hubby made a crappy day a whole lot better when I came home to this surprise. He got my favourites to cheer me up â˜º #lilies #surprise #flowers #thoughtful  ğŸ’› https://t.co/8pviTZbAGD,Fri Mar 06 21:39:52 +0000 2020
1236043857999077377,"@KevinDuska - Happy Weekend Bud â˜º

Full Time at The City Ground 
Nottingham Forest 0 
Millwall 3 

MILLLLLLLLLLL",Fri Mar 06 21:39:54 +0000 2020
1236043914961973252,"#Confidentiality is an integral part of my #work

These are my #satisfied #clients: Join them!

#Confidential #ethics #duty #classified #restricted #undisclosed #privy #private #secret #privacy #holistic #diviner #dowser #tealeafreader #divining #dowsing #tealeafreading https://t.co/rlDoTLoaZK",Fri Mar 06 21:40:08 +0000 2020
1236043920150327297,"West side to the world, no two ways about that. God bless you too champ â˜º",Fri Mar 06 21:40:09 +0000 2020
1236043927704276995,@Trumpagainstds @ShawnVee07 @Gibson4NYS @keithboykin @donlemon I take that as the highest compliment! Thank you!!! â˜º,Fri Mar 06 21:40:11 +0000 2020
1236043983685668867,@girlfrclute Come on over party at my house tonight â˜º,Fri Mar 06 21:40:24 +0000 2020
1236043997237448705,"RT @realrosesarered: Giving away another 1000 Robux code (thank you, Roblox!) â˜º all you have to do is like this tweet, retweet and follow mâ€¦",Fri Mar 06 21:40:28 +0000 2020
1236044038647791616,"y'all go listen â˜º

https://t.co/Iu4GppfVxx",Fri Mar 06 21:40:38 +0000 2020
1236044075347791873,"If you like FUNNY tweets, then you must FOLLOW HiIariousSelfie, now! They have some of the funniest tweets on twitter. You'll love them! â˜º",Fri Mar 06 21:40:46 +0000 2020
1236044222630895617,@DE505291 I cleaned my room &amp; i took a nap  â˜º,Fri Mar 06 21:41:21 +0000 2020
1236044353346441216,RT @oustravaqoc: What are your favorite sex toys? Except hands â˜º #Marion County   #blowjob #support https://t.co/dBwWz3wL9D,Fri Mar 06 21:41:53 +0000 2020
1236044526374064133,"RT @Hearts4Jimin: WHO by @lauvsongs feat. @BTS_twt Jimin &amp; Jungkook is a beautiful song ğŸ’›

Enjoy it if its available in your country â˜º

#laâ€¦",Fri Mar 06 21:42:34 +0000 2020
1236044623396712450,@WarriorZoltar @ImThatCupcake Congratulations...very happy â˜º for you...,Fri Mar 06 21:42:57 +0000 2020
1236044666388144128,"RT @TheotimeGM: 04
Enemies of RA do not interact !!!
A variant of the Manticore from the @Lancer_RPG  
â˜º
#MarchOfRobots2020 #marchofrobotsâ€¦",Fri Mar 06 21:43:07 +0000 2020
1236044833762029570,"@people I'm so happy, â˜º she's my favorite!",Fri Mar 06 21:43:47 +0000 2020
1236044885813112832,"@texasdemyall I had to check a calendar, it was like naaaah. And congrats to your son! That should be really interesting â˜º",Fri Mar 06 21:44:00 +0000 2020
1236045092533800965,"@IainWilkinson10 I'm on planet earth, come join us sometime â˜º",Fri Mar 06 21:44:49 +0000 2020
1236045112360263680,RT @jendeukiebabo: Jennie got all of Rosieâ€™s questions right â˜ºï¸ She said sheâ€™s going to get them all right earlier and she really did whichâ€¦,Fri Mar 06 21:44:54 +0000 2020
1236045162339418112,Danika comes up to me today &amp; says: â€œ your the best mom I have ever had in my whole lifeâ€ â˜ºï¸ğŸ¤—ğŸ’• this girl is the sweetest little girl ğŸ˜¢ donâ€™t know what I did to ever deserve her,Fri Mar 06 21:45:05 +0000 2020
1236045191754072064,@baekhyun404 @weareoneEXO @B_hundred_Hyun @weareoneEXO Youre the best person in this world @B_hundred_Hyun â˜º,Fri Mar 06 21:45:12 +0000 2020
1236045258997325827,"RT @UmSemenhyia: West side to the world, no two ways about that. God bless you too champ â˜º",Fri Mar 06 21:45:29 +0000 2020
1236045263644618753,"RT @Littlebloody11: I want a #horny daddy â˜º RT/FOLLOW-ME if you are #horny and i will DM you ğŸ’‹ #humiliation #findom #domination 
#slut #cumâ€¦",Fri Mar 06 21:45:30 +0000 2020
1236045721343651840,Flogged from both holes #creampie #satisfied #ngot #milf https://t.co/KVFc9fEe0F,Fri Mar 06 21:47:19 +0000 2020
1236045752301948930,"""Yield not to temptation"" as the hymn tells us â˜º",Fri Mar 06 21:47:26 +0000 2020
1236045997320679427,"Decided to try calligraphy this time! These brushes are definitely more difficult than a normal paintbrush ğŸ˜… I went for a ""Japanese Koi Pond"" look â˜º https://t.co/NQlheLSNDH",Fri Mar 06 21:48:25 +0000 2020
1236046101729419265,"@LukeBryanOnline @XFINITYTheatre @ACBeachConcerts Yes'ss'ahhhâ˜º

ğŸ’—

Whoo! hoo! â˜º

YeaHh! â˜º

Babeeee!ğŸŒ¹

ğŸ’—",Fri Mar 06 21:48:49 +0000 2020
1236046142678458368,â˜º Anyone else remember when gas stations were full service? (Video) https://t.co/CIn9A3oVgm,Fri Mar 06 21:48:59 +0000 2020
1236046328712572931,"Decided to try calligraphy this time! These brushes are definitely more difficult than a normal paintbrush ğŸ˜… I went for a ""Japanese Koi Pond"" look â˜º #Calligraphy #Japanese #drawing",Fri Mar 06 21:49:44 +0000 2020
1236046574477770753,"RT @snapshotbae97: Good morning ğŸ’œğŸ’™ 

Who's gonna join me in an about an hour for stream? â˜º",Fri Mar 06 21:50:42 +0000 2020
1236046613291859969,â˜º Teen Girlfriend Loves Sucking Cock https://t.co/iTLpoqvssG,Fri Mar 06 21:50:51 +0000 2020
1236046786726449155,"i was getting in my feelings about my strawberry short cake cover i had since i was about some months old or 1 ğŸ˜­ &amp; my mommy found it, best mom ever ğŸ˜ŠğŸ˜Šâ˜ºï¸",Fri Mar 06 21:51:33 +0000 2020
1236046805290364928,@gothboyoongs My favorite kind of thread â˜º,Fri Mar 06 21:51:37 +0000 2020
1236046891651129345,@necromaancyy @Rixtria @BTShypeman_aal @MerelinB28 â˜º just dm me honey bunny ğŸ’™ğŸ’™,Fri Mar 06 21:51:58 +0000 2020
1236046936010092545,"@OWilsh @Hormendo1 @YubbyNduonofit @CAPT_Vincentt Seyi, master of creative passes.  I sight you brother. â˜º",Fri Mar 06 21:52:08 +0000 2020
1236046978535968768,"RT @NitiShresth: Plzzzzzzzzzz colab with her... It'll be like sone pe suhaga â˜º
#ShehnaazGiIl #tonykakkar
@TonyKakkar https://t.co/GkLfG1nNwn",Fri Mar 06 21:52:18 +0000 2020
1236047029316415488,"I am #grateful that I am healthy ğŸ’ª

#BeGrateful #bepositive #appreciate #lovelife #live #blessed #PositiveVibes #enjoy #appreciation #gratitude #gratefuldays #healthy #FridayFeeling #FridayVibes #FridayMotivation #TGIF #friyay #fridaymood",Fri Mar 06 21:52:31 +0000 2020
1236047151765090304,@marvisirmed There is a Contrast between my body my Right To my body my will... Orr Ap Ny sabit kia h k ap 2 taky ki hain.... â˜º,Fri Mar 06 21:53:00 +0000 2020
1236047138729193472,"We're grateful for your post!  RT @SherylTamayose: I am #grateful that I am healthy ğŸ’ª

#BeGrateful #bepositive #appreciate #lovelife #live #blessed #PositiveVibesâ€¦ https://t.co/uWDeAqpkRd",Fri Mar 06 21:52:57 +0000 2020
1236047188335214592,"Decided to try calligraphy this time! These brushes are definitely more difficult than a normal paintbrush ğŸ˜… I went for a ""Japanese Koi Pond"" look â˜º #Calligraphy #drawing #Japanese https://t.co/yTHY4dCWK4",Fri Mar 06 21:53:09 +0000 2020
1236047495614074883,@DallasGalley @Akurei87 So true. I'm currently trying to find a healthy balance between everything â˜º will be a struggle once I start working but will succeed ğŸ˜¤,Fri Mar 06 21:54:22 +0000 2020
1236047519970234368,"RT @_whitneyyah: Growth â˜ºï¸, I love to see it!!!",Fri Mar 06 21:54:28 +0000 2020
1236047782898806787,"RT @Hearts4Jimin: #TEAMJIMIN we've updated our playlist and added WHO â˜º
https://t.co/ZmnGa8NRw9",Fri Mar 06 21:55:30 +0000 2020
1236047806344896512,Brig Gen Kasirye kwanga is looking for @BebeCoolUG. Are you all thinking what am ğŸ˜” thinking ğŸ˜º â˜º. Bebe cool played with fire this time around,Fri Mar 06 21:55:36 +0000 2020
1236048060343558144,Soft Jensen in a cosy cardigan cause its Friday and I need this cuteness â˜º https://t.co/EeO0hE4un7,Fri Mar 06 21:56:36 +0000 2020
1236048125489565701,"@BiteSized_Meg I like borh, equally, for different reasons. â˜º",Fri Mar 06 21:56:52 +0000 2020
1236048273368104962,"@FjordrInfo This does look really interesting, thank you! â˜º",Fri Mar 06 21:57:27 +0000 2020
1236048584447012864,@ItsWeary Not often she is on a mission â˜º,Fri Mar 06 21:58:41 +0000 2020
1236048619192479744,@IC_BeBe I don't really donit on purpose. But maybe I could learn to hone it. â˜º,Fri Mar 06 21:58:50 +0000 2020
1236048719079976962,"What are your favorite sex toys? Except hands â˜º 
 #zoom #exit https://t.co/Ylhhxgm5vT",Fri Mar 06 21:59:13 +0000 2020
1236048815330930688,@Dphyn1 @IbrahimKatongo2 @UnDreadedRasta I love that â˜º,Fri Mar 06 21:59:36 +0000 2020
1236048817885188096,@ACWorldBlog @japaneseswitch Had no idea! I better check all my anime sites for it â˜º,Fri Mar 06 21:59:37 +0000 2020
1236048881978429442,@sarahpassions Right. Better smile overall â˜º,Fri Mar 06 21:59:52 +0000 2020
1236048987158974464,@SakuraHanami120 I dare you â˜º https://t.co/HVfkrtCaP0,Fri Mar 06 22:00:17 +0000 2020
1236049039872921600,"""The roots of all goodness lie in the soil of appreciation for goodness."" - Dalai Lama
#FridayThoughts #HaveAGreatWeekend #Appreciate #Goodness",Fri Mar 06 22:00:30 +0000 2020
1236049270320402432,@sailorc_ @KookiPuff M8 it's better then being a hoe and selling nudes online â˜º,Fri Mar 06 22:01:25 +0000 2020
1236049377019469824,"PRAYERS FOR BABY AIDEN 

Just look at him smelling those flowers ğŸŒº â˜º Aiden had a lovely day with mum and his auntie ğŸŒºâ¤
#flowers #mum #aunty #outforlunch

https://t.co/ZRAzI2ejID",Fri Mar 06 22:01:50 +0000 2020
1236049414810218496,"I cleaned out my room yesterday and today. I'm really tired right now, but at least my room looks a lot cleaner now. Here are all of the before pics. I finally have a place to store all my CD's and my #MAP_OF_THE_SOUL_7 album from #BTS.
#satisfied #cleaning #cleanup https://t.co/KjiVpdroq8",Fri Mar 06 22:01:59 +0000 2020
1236049452642648064,"RT @mbchavez86: Music to my ears! Hahahaha! Happy and Blessed Friday Maymay and Edward. Enjoy your day! â˜º

@maymayentrata07 @Barber_Edward_â€¦",Fri Mar 06 22:02:08 +0000 2020
1236049680963784704,Me and Baron Netflix and chillin on a cloudy day. â˜º https://t.co/vmshJFdULJ,Fri Mar 06 22:03:03 +0000 2020
1236049780993929218,"Jay and Chris sha, they have an amazing friendship â˜º #UltimateLoveNG",Fri Mar 06 22:03:27 +0000 2020
1236049897314340864,"RT @chipauu: Yuri approaching yena &amp; playing with her headband, she's the one who ask yena to wear the ğŸ©! She keep saying yena is cute! â˜º Sâ€¦",Fri Mar 06 22:03:54 +0000 2020
1236049951819358208,@bamswrId @weareoneEXO Thank you kak... wish me luck â˜º,Fri Mar 06 22:04:07 +0000 2020
1236049989387894784,"RT @Elita_Riri: Jay and Chris sha, they have an amazing friendship â˜º #UltimateLoveNG",Fri Mar 06 22:04:16 +0000 2020
1236050044031094785,RT @KristineCummins: Because the bags are where it's at. Every. Day. â˜º #MongooseEli https://t.co/foS2qDsIlD,Fri Mar 06 22:04:29 +0000 2020
1236050098951462912,@gemmentedod1 @Mickbraz1 @fionapettit71 Good riddance Mickey. Off to the land of block â˜º,Fri Mar 06 22:04:42 +0000 2020
1236050231264808960,â˜º Bratty Sis - Caught Her Girl Crush Giving It To Her Step Brother S10:E5 https://t.co/VrVwKSjj44,Fri Mar 06 22:05:14 +0000 2020
1236050271098175488,RT @pcalii_: Nothing will stop me from getting dick.. #satisfied #4myfans  @4myfansofficial https://t.co/vWeMbtq62B,Fri Mar 06 22:05:23 +0000 2020
1236050290425630722,Your hard work and #dedication is definitely #appreciated.  Happy #EmployeeAppreciationDay! ğŸ‘ğŸ½ https://t.co/K7u0n5COsR,Fri Mar 06 22:05:28 +0000 2020
1236050501629853697,"RT @_nivisha: Be honest and answer 

1. Like you ğŸ˜˜
2. Boring ğŸ˜ª
3. Unique ğŸ˜²
4. Full of attitude ğŸ˜
5. Sweet ğŸ˜‹
6. Stranger â˜ºï¸
7. Crush on youâ€¦",Fri Mar 06 22:06:18 +0000 2020
1236050651278241792,I've counted about five different London accents already. It's like New York City's five borough accents. â˜º,Fri Mar 06 22:06:54 +0000 2020
1236050677446524928,"THIS IS SO CUTE!â˜ºï¸
Gulf was doing his signature pose then he remembered how Mew copied &amp; posted it on IG. He cutely reminded his P'Mew abt it &amp; Mew's reaction was priceless. HAHAHA. THEY BICKER LIKE AN OLD MARRIED COUPLE! ğŸ˜­
#LZDWFxMewGulf 
#à¸«à¸§à¸²à¸™à¹ƒà¸ˆà¸¡à¸´à¸§à¸à¸¥à¸±à¸Ÿ https://t.co/Xzw7340vkm",Fri Mar 06 22:07:00 +0000 2020
1236051222467162115,@Okslaw_11 I haven't seen a girl I want to date â˜º,Fri Mar 06 22:09:10 +0000 2020
1236051351102033920,"RT @marriedmewgulf: THIS IS SO CUTE!â˜ºï¸
Gulf was doing his signature pose then he remembered how Mew copied &amp; posted it on IG. He cutely remâ€¦",Fri Mar 06 22:09:41 +0000 2020
1236051395578679296,@narnaah_ @reina_karymarh Whenever you're ready â˜º,Fri Mar 06 22:09:52 +0000 2020
1236051574641721344,@notnowgames Thank you!! It's on the list for possible names; I've got a few others that sound pretty dope too â˜º,Fri Mar 06 22:10:34 +0000 2020
1236051637254447104,"@majornelson @DJStarBust @supernovashadow @ClassyCatDad @CraftyGGWP @mnerdcorp Again no Luck this Time. ğŸ˜”
But Congratulations to the Winners. 
Enjoy ğŸ‘â˜º",Fri Mar 06 22:10:49 +0000 2020
1236052422558191616,@sabrinaaloueche I love Saving Mr Banks â˜º,Fri Mar 06 22:13:56 +0000 2020
1236052449959518209,"RT @__fari: Friday 
â˜º https://t.co/WETd4lgJgp",Fri Mar 06 22:14:03 +0000 2020
1236052506284888066,"@BethTabler @BlogSpells @jasonats @_armedwithabook @sniffin_hoardin @kalventure @AvalinahsBooks @BookMeanderings @WS_BOOKCLUB @BooksNest @CaffeinatedFae @cats_herding @coycaterpillar @AVoraciousReadr @duchessofreadin Thanks, Beth! â˜º https://t.co/TEjU5Jhz58",Fri Mar 06 22:14:16 +0000 2020
1236052563293802496,Best one yet! #TheScottishPlay #LadyMacbeth â˜º,Fri Mar 06 22:14:30 +0000 2020
1236052569136472065,The energy is never off in homegoods. #appreciated,Fri Mar 06 22:14:31 +0000 2020
1236052705531002884,"@vorganicpotato Similar to me, I'm a bit more to the left â˜º",Fri Mar 06 22:15:04 +0000 2020
1236052707095519233,youngjae really gave a cute lil update that he was going to wash his hands and then play with his dog then just dipped. it's not like we haven't had a single sign of life from him in WEEKS but it's all good lobe my man hope he had fun â˜º,Fri Mar 06 22:15:04 +0000 2020
1236052741266345984,@_alynana that's why you turned white with so much chlorox â˜º,Fri Mar 06 22:15:12 +0000 2020
1236052778385944576,"Never bend your head. Always hold it high. Look the world straight in the eye.
@tanredroncal ... Be strongğŸ’ª ... Never give up â˜º ....  Stay positive....ğŸ˜‡

ğŸ–¤ğŸ–¤ğŸ–¤ğŸ–¤ğŸ–¤ğŸ–¤ğŸ–¤ğŸ–¤ğŸ–¤ğŸ–¤ğŸ–¤ğŸ–¤ğŸ–¤ğŸ–¤ğŸ–¤ğŸ–¤",Fri Mar 06 22:15:21 +0000 2020
1236052868576264192,"Pap (ogi) is the most versatile meal

Pap and bread, pap and beans, pap and fried yam, pap and fried potato, pap moi moi, pap and akara

Be like pap, be versatile â˜º",Fri Mar 06 22:15:43 +0000 2020
1236052991683239938,Our deer. â˜º I love how they always come through our yard. @TimPagan4 https://t.co/hOOuzdFAyd,Fri Mar 06 22:16:12 +0000 2020
1236053006803546112,"What are your favorite sex toys? Except hands â˜º 
 #forest #acrylic https://t.co/Qgam1b3TxZ",Fri Mar 06 22:16:16 +0000 2020
1236053149812535302,"@TheWiggles @Simon_Wiggle HAPPY 48th BIRTHDAY AUSTRALIA TIME, @Simon_Wiggle !!!!ğŸ˜ƒğŸ‚ğŸ‰â¤ I'll post something on my Instagram when it's your BIRTHDAY in the USA! ğŸ˜ƒğŸ‚ğŸ‰ğŸŒğŸ‡ºğŸ‡¸â¤ Also, my AMAZING FRIENDS, @TheWiggles ? When will you guys come back to PHOENIX, ARIZONA, USA, for a concert and meet and greet? â˜º https://t.co/78Q0zwGNSO",Fri Mar 06 22:16:50 +0000 2020
1236053179781074945,RT @LoveHomePorn: Reveal ğŸŒ¹ â˜º https://t.co/GHFAaKyqms,Fri Mar 06 22:16:57 +0000 2020
1236053216342814721,"@KalinaKalinska @brand24 â˜º Haha, I'm (secretly?) super shy and never know what to say (!) sooo... here's to doing what we love and giving it our best!!! ğŸš€ğŸš€ğŸš€ https://t.co/R9i5cCoddk",Fri Mar 06 22:17:06 +0000 2020
1236053374937845763,"RT @MrSmallYouTuber: ğŸ’œ #Friday #YOUTUBE NETWORK growth trainğŸš‚

ğŸŒ» https://t.co/lPg93V0QwD
â˜º Follow @MrSmallYouTuber 
ğŸŒ» RETWEET this tweet 
â˜ºâ€¦",Fri Mar 06 22:17:44 +0000 2020
1236053603904708608,"RT @HeikeRitter: New short training videos for Microsoft Defender ATP are out!! ğŸ”¥ Tagged with ""New! for your convenience â˜º 
https://t.co/sXâ€¦",Fri Mar 06 22:18:38 +0000 2020
1236053614675791872,What are your favorite sex toys? Except hands â˜º #Arlington   #movie #vietnam https://t.co/oTejGyQvCs,Fri Mar 06 22:18:41 +0000 2020
1236053714563215360,"RT @omoblaqee: Without courage, wisdom bears no fruit.
Top of the Morning to y'all. â˜º
.
.
.
.
.
Have a nice and fruitful day.ğŸ˜˜ https://t.coâ€¦",Fri Mar 06 22:19:04 +0000 2020
1236053741264125953,What are your favorite sex toys? Except hands â˜º #Akron  #pets #skype https://t.co/psowmwRaTe,Fri Mar 06 22:19:11 +0000 2020
1236053789574074370,@solomonmissouri Im so glad someone's into it â˜º https://t.co/sUU0SDrUp5,Fri Mar 06 22:19:22 +0000 2020
1236053856502648833,"@KMWeiland I actually just use a text reader while editing, but this app is neat. â˜º",Fri Mar 06 22:19:38 +0000 2020
1236053976576962561,@Taraustralis Welcome to Canberra Tara. â˜º,Fri Mar 06 22:20:07 +0000 2020
1236054137130741761,"RT @acesuinn: suinn and joyâ€™s reaction after eunwoo scored â˜ºï¸â˜ºï¸ 

#ë¬¸ìˆ˜ì¸ #moonsuinn #JOY #ì¡°ì´ #ë ˆë“œë²¨ë²³ #RedVelvet #HandsomeTigers #í•¸ì„¬íƒ€ì´ê±°ì¦ˆ https:/â€¦",Fri Mar 06 22:20:45 +0000 2020
1236054267502497792,"RT @dchillout1: #FVHS is today and here are my entries. Have a great weekend all! â˜º 
#Division2 #TheDivision2Photos #FarCry5 #Virtualphotogâ€¦",Fri Mar 06 22:21:16 +0000 2020
1236054340982333441,"@annecurtissmith Welcome to the world baby Dahlia
Congratulations Miss Anne â˜º",Fri Mar 06 22:21:34 +0000 2020
1236054371718303744,@RealJamesWoods I'm sure her account was hacked. â˜º,Fri Mar 06 22:21:41 +0000 2020
1236054373102432257,"@Shikulu_K Hello â˜º yeah  I'm good. Thank you
 How's you",Fri Mar 06 22:21:41 +0000 2020
1236054501401952256,@Zlatan_Ibile Stayed a day without food but water while in school â˜º,Fri Mar 06 22:22:12 +0000 2020
1236054535011028992,"@stephenRB4 Hello! I am, thank you very much! Hope you are too! â˜º",Fri Mar 06 22:22:20 +0000 2020
1236054545865879553,"@chez37405899 @Ronniesoak You never know! 
He sounds tremendous!
â˜º",Fri Mar 06 22:22:23 +0000 2020
1236054574969966592,@steve_worrell @Daily_Hotspur @PaxtonRoadUpper people on Twitter were trying to figure out if the guy yelling had a Midlands or Manc accent. â˜º,Fri Mar 06 22:22:30 +0000 2020
1236054779396345856,@NecroticNymph Moving in with my dad. I wanted to live with him since I was probably in Kindergarten but finally did it last summer. â˜º,Fri Mar 06 22:23:18 +0000 2020
1236054810593570817,@MaxHopk52130480 @VicedRhino If people honestly don't know you can't really fault them â˜º,Fri Mar 06 22:23:26 +0000 2020
1236054915560230913,@Akurei87 @DallasGalley I have such awesome buddies ğŸ¥º appreciate it â˜º,Fri Mar 06 22:23:51 +0000 2020
1236055052797775878,"RT @djjyn: UK, Brazil, Poland and Argentina showing the love! Netherlands wants some action too ğŸ‘€

Nice jump in Spotify streaming too â˜º

Keâ€¦",Fri Mar 06 22:24:24 +0000 2020
1236055379903041536,@cchimbap My birthday is smackdab in between Hobis and Joons. So... both â˜º,Fri Mar 06 22:25:42 +0000 2020
1236055438698967040,@horseracingmama Then go crazy â˜º as you have another one left after this one. This is what twitter and social media should be for. Interacting with people you may never meet but in a positive way. Encourage others rather than discourage. Honestly it makes my day having fun and friendly chats,Fri Mar 06 22:25:56 +0000 2020
1236055484572078080,can someone get me a 10$ pan pls I will have a prize  for u â˜º,Fri Mar 06 22:26:06 +0000 2020
1236055493845671938,"RT @K_Reneilwe: Good day lovely tweeps, â˜º

Charcoal Promotion is in need of promoters from these regions ğŸ‘‡

KZN
Limpopo
North West
Bloemfonâ€¦",Fri Mar 06 22:26:09 +0000 2020
1236055546110885888,RT @jacklesnet: Soft Jensen in a cosy cardigan cause its Friday and I need this cuteness â˜º https://t.co/EeO0hE4un7,Fri Mar 06 22:26:21 +0000 2020
1236056002274799616,RT @jiminie_up: @JIMINBAR_CHINA Vote for Jimin â˜º,Fri Mar 06 22:28:10 +0000 2020
1236056003646496768,@sweatsntopknots @andrewm87019875 Not from what you have shown. I love all of your little posts â˜º,Fri Mar 06 22:28:10 +0000 2020
1236056113860284416,"@Rikdisco @RichardBurgon @nojondo Agree on that one â˜º

Message focus and discipline is key if we want to get Boris done! ğŸ˜‰",Fri Mar 06 22:28:37 +0000 2020
1236056189571600384,@nymphadoraxxx Ive heards good things about AVN â˜º,Fri Mar 06 22:28:55 +0000 2020
1236056258504949761,"@traveler_san Ey, Kagero in the bunny suit is adorable as heckers â˜º

Always liked her a lot, not my fav in the game but she was a goodun",Fri Mar 06 22:29:11 +0000 2020
1236056325794205702,"RT @jessie_lovefit: Sexy or not â˜º

â˜º https://t.co/Zttjc81bO8",Fri Mar 06 22:29:27 +0000 2020
1236056402600345600,@Mphiwe404 It will all happen in good time.. let's just wait and be patient. â˜º,Fri Mar 06 22:29:45 +0000 2020
1236056430601539584,@ManFellow2 @brhodes @dsh_OH It's the best word. â˜º,Fri Mar 06 22:29:52 +0000 2020
1236056486369021953,"@scottmelker Would have been more appealing if the ""B"" on the jacket was #BTC ticker â˜º haha",Fri Mar 06 22:30:05 +0000 2020
1236056495252557824,@yoshigamer23 Ty! I hope I improve more in the future! â˜º,Fri Mar 06 22:30:07 +0000 2020
1236056721165959168,@victorkhoshoob @Joseph4Meg @matheny_bonnie @csm710RN @tyree_tc @carlisamantha @2beverlyjg @moronsgoverning @GLBRBR @Kate40961854 @TaliaCat3 @LoriLorisuew @HarleyDad731 Gladly followed all. â˜º,Fri Mar 06 22:31:01 +0000 2020
1236056746222850050,@ba_marie19 @OfficialMonstaX @STARSHIPent You donâ€™t need to thank me bebe it was my pleasure â˜ºï¸ğŸ’• thank you ğŸ˜­,Fri Mar 06 22:31:07 +0000 2020
1236057012057694210,"@steve_worrell @Daily_Hotspur @PaxtonRoadUpper right? â˜º has to be a United fan. I heard ""fook off Jesse"" - sounds Manc. lol",Fri Mar 06 22:32:11 +0000 2020
1236057042650984448,@olivialeighbbw What are we watching? Can I bring nuts? â˜º,Fri Mar 06 22:32:18 +0000 2020
1236057302018519043,"@BZavaletaMD Literally no problem! 
Dipesh (@DipeshGopal)

PS We've yet to read your book - but it's on our list! â˜º",Fri Mar 06 22:33:20 +0000 2020
1236057314114715648,@steve_worrell @PaxtonRoadUpper @Daily_Hotspur and after a 3-0 win. â˜º,Fri Mar 06 22:33:23 +0000 2020
1236057462639177728,@IanPaicepurple @victorkhoshoob @KestrelToni @lwootton @HarleyDad731 @mybestmeforlife @postzoo @pigbutter @DebraWallin2 @StopTheShitnado @RichardChoffe @whitney_cat @Kate40961854 @TaliaCat3 @LoriLorisuew @Mok1967SG @tyree_tc @GLBRBR Followed those new to me. â˜º,Fri Mar 06 22:33:58 +0000 2020
1236057734484803590,@haliamoomoo ğŸ¤·â€â™€ï¸ I think you're actually safe on this side! Don't join cults â˜º,Fri Mar 06 22:35:03 +0000 2020
1236057778734501888,"If you like Corona beer, now's your chance to stock up. â˜º",Fri Mar 06 22:35:13 +0000 2020
1236057875417620482,"@Dorsetprovcomms @lincsmasonic @UGLE_GrandLodge Thank you. â˜º

I think if I just wanted a collar I'd go back to being a Steward, life was so much simpler then? ğŸ˜‰ğŸ¤£",Fri Mar 06 22:35:37 +0000 2020
1236057923777773569,"RT @mads_iran: Who eats like him ? â˜º
@theofficialmads #madsmikkelsen #Iran #Hannibal #McDonald https://t.co/ibwbrfiYEc",Fri Mar 06 22:35:48 +0000 2020
1236057958469046273,"@jjcwow Must be fearing unemployment, he's on the crisp adverts again. The potato head!! â˜º",Fri Mar 06 22:35:56 +0000 2020
1236058060474454017,@diciendolo Voy a ser como Benjamin Button â˜º,Fri Mar 06 22:36:21 +0000 2020
1236058109690482689,"@ChrisYukineSZSG @HerShiningSun @IV_neet @memeheim Alright, alright â˜º
*pats both of their heads*
We're all friends here, it's fine if Sunny doesn't like them, but still, we're all friends and I don't want both of you to fight each other ğŸ˜”
*gives them both a hug*
I love both of you and let's just enjoy the game together, ok â˜º",Fri Mar 06 22:36:32 +0000 2020
1236058249016889349,I am now on AVNStars! ğŸ–¤ since OnlyFans is having a lot of trouble lately this is where I will be posting most of my content. â˜º https://t.co/nL02BFPNJ6,Fri Mar 06 22:37:06 +0000 2020
1236058397474041857,"@PaxtonRoadUpper @steve_worrell @Daily_Hotspur the one who said ""zero goals and zero assists"" sounded 12. The one yelling ""fook off"" ... not â˜º",Fri Mar 06 22:37:41 +0000 2020
1236058596426878977,"@DugganMarianne Hi Marianne, so sorry to hear this! Pop us a DM with your query and details on where and when you got the coat, we'll be happy to help you out â˜º Oli",Fri Mar 06 22:38:28 +0000 2020
1236058623853203458,My graduation gift to myself is meeting her and seeing her live...and I canâ€™t freaking wait â˜ºï¸â˜ºï¸,Fri Mar 06 22:38:35 +0000 2020
1236058680988069888,"@TheJessicaDoll It really has meant so much. Really hope you win, too!! â˜º",Fri Mar 06 22:38:49 +0000 2020
1236058793382944770,I need someone to scratch my scalp â˜º Any takers? I'll whip up some Dranks or twist some good up well I'll do both anyways cause that's wtf I doğŸ˜,Fri Mar 06 22:39:15 +0000 2020
1236058806238547973,"@NKOTB Already a year?!
I still listen to this song. â˜º https://t.co/Wd3ZdTiBBV",Fri Mar 06 22:39:18 +0000 2020
1236058880422998016,"nudes dm me â˜º
#alterpinay https://t.co/j1p4eGwtlI",Fri Mar 06 22:39:36 +0000 2020
1236058890833465344,@bubblegumilo You're welcome ğŸ¥º you're @ name is adorable too btw â˜º,Fri Mar 06 22:39:39 +0000 2020
1236058914308923393,"@BTSArmy1109 I'm good too , glad to know that ..... If u need to talk my DMs r always open for you â˜º",Fri Mar 06 22:39:44 +0000 2020
1236058945162227712,"@YacoubiWafae 96
Big bro was big fun. So I did so â˜º",Fri Mar 06 22:39:52 +0000 2020
1236059019674095618,bitches stop giving them free promo especially when the boys gain nothing from them it's not a big artist so why y'all beg for collab? ??those clapped white boys want clout only. ...they have zero interest in their music â˜º,Fri Mar 06 22:40:09 +0000 2020
1236059206542913538,"@angiewaves My gf. Shes independent, sexy as can be, and can whip me into place like no other. Love you Ariel â˜º",Fri Mar 06 22:40:54 +0000 2020
1236059312457306112,"This kind humble beagle â˜ºï¸ğŸ¶

#EXOÂ #ì—‘ì†Œ #weareoneEXO
#CHEN #ì²¸ #KIMJONGDAE
@weareoneEXO @exoonearewe  @B_hundred_Hyun @layzhang",Fri Mar 06 22:41:19 +0000 2020
1236059315821113344,"@AtelierHeidi I totally understand. Plus it's really beautiful, I'd want to keep it too haha. Thank you for the reply â˜º I hope you keep getting stronger and happier every day. ğŸ’•",Fri Mar 06 22:41:20 +0000 2020
1236059396611993606,What are your favorite sex toys? Except hands â˜º #Westchester County   #black #look https://t.co/guhF73DEjQ,Fri Mar 06 22:41:39 +0000 2020
1236059497950359552,"RT @SteveRogersOff: Be honest and answer 

1. Like you ğŸ˜˜
2. Boring ğŸ˜ª
3. Unique ğŸ˜²
4. Full of attitude ğŸ˜
5. Sweet ğŸ˜‹
6. Stranger â˜ºï¸
7. Crush oâ€¦",Fri Mar 06 22:42:03 +0000 2020
1236059609472872448,"@DramakinsTv Hi, I'd like to join please â˜º",Fri Mar 06 22:42:30 +0000 2020
1236059725898358784,"WE DID IT EVERYONE! 

ğŸ‰ğŸŠğŸ‰

Almost fainted so had to cut a little short, but I'm clean and hair isn't a gross ball of something gross. â˜º",Fri Mar 06 22:42:58 +0000 2020
1236059893817208832,@trampyangel A woman scorned anya olsen https://t.co/2ywRamV9Zx â˜º ğŸš ğŸ˜Œ ğŸ›³ [5 ]vLarX6 8,Fri Mar 06 22:43:38 +0000 2020
1236060046238285824,"Last one â˜º

â˜º10k ğŸ’„
ğŸ˜Š20k ğŸ‘’
ğŸ˜€30kğŸ‘¡
ğŸ˜40k ğŸ‘ 
ğŸ˜‚50k ğŸ‘™
ğŸ˜ƒ60kğŸ‘œ
ğŸ˜„70kğŸ‘¢
ğŸ˜…80k ğŸ‘—
ğŸ˜†90k ğŸ‘š
ğŸ˜‰100k ğŸ‘› 

Reply "" Theresa "" and follow everyone who likes your reply.ğŸ˜ŒğŸ˜

#UltimateLoveNG",Fri Mar 06 22:44:14 +0000 2020
1236060074843549697,"RT @Julia_HOHA: Last one â˜º

â˜º10k ğŸ’„
ğŸ˜Š20k ğŸ‘’
ğŸ˜€30kğŸ‘¡
ğŸ˜40k ğŸ‘ 
ğŸ˜‚50k ğŸ‘™
ğŸ˜ƒ60kğŸ‘œ
ğŸ˜„70kğŸ‘¢
ğŸ˜…80k ğŸ‘—
ğŸ˜†90k ğŸ‘š
ğŸ˜‰100k ğŸ‘› 

Reply "" Theresa "" and follow everyone whoâ€¦",Fri Mar 06 22:44:21 +0000 2020
1236060160314839041,"@ShannonFreshour @yogaskidogs I'd love to help by sending  $$$, but right now any extra cash I have is going to @AmyMcGrathKY to defeat Moscow Mitch.  Good luck in your campaign!  I wish you the best! â˜º",Fri Mar 06 22:44:41 +0000 2020
1236060415190118400,"RT @RQMspuppy: @TheRussianQueen is my Superior and I'm only here to do what my Goddess orders me to do!
#Owned
#Appreciate #RussianQueenM #â€¦",Fri Mar 06 22:45:42 +0000 2020
1236060445821276160,@MINIMONISM who hurt my baby?! also I found this lovely gif â˜º https://t.co/fiKkMTl12T,Fri Mar 06 22:45:49 +0000 2020
1236060729339285504,"@teasefordays I would love to miss, thank you â˜º",Fri Mar 06 22:46:57 +0000 2020
1236060937032888320,"Customized / Personalized case. â˜º

#customizedphonecases #davaoonline #phonecases #onlineseller #personalizedcases #huawei #samsumg #iphone #vivo #oppo https://t.co/6tpC8ywfeN",Fri Mar 06 22:47:46 +0000 2020
1236070895111692288,"what a controversial #TheJohnRamosShowv today on @FoxSportsRadio sometimes u have to go down those roads to raise the level.I work for you the listener 2 deliver comedy as well as honesty, till we meet again... #appreciate  @danbeyeronfox @TheJonasKnox @GavinKinsel @jsramos06",Fri Mar 06 23:27:21 +0000 2020
1236071018340499461,"#GOOD MORNING, HI FRIEND ,WISHING YOU ALL A WONDERFUL DAY #HAPPY WEEK    â˜ºï¸â˜ºï¸â˜ºï¸ YOU ALL R IN MY THOUGHTS N PRAYERS ğŸŒºğŸ’•ğŸŒºğŸ’•ğŸŒºğŸ’•ğŸŒºğŸ’•ğŸŒºğŸ’• https://t.co/C3aAUn41Ni",Fri Mar 06 23:27:50 +0000 2020
1236072402720718848,"@Mike_Dittenber Aww thanks Mike, #appreciate you :)",Fri Mar 06 23:33:20 +0000 2020
1236075254310674439,@RichardEngel thank you for doing what you do even putting yourself in harms way. I hope your family knows how much your #appreciated @NBCNews @NBCNightlyNews #coronavirus #COVIDãƒ¼19 #ğŸ‘ğŸ»,Fri Mar 06 23:44:40 +0000 2020
1236078020886224897,@thegreatcubbio @Ubi1kanobe @aswifthaIf @barrelagedleeds @Sparkyrite @VIVOBAREFOOT @drchatterjeeuk @HOKAONEONE He had miso soup with his dinner. #satisfied,Fri Mar 06 23:55:40 +0000 2020
1236078698543054855,"â„ ğ’¶ğ“‚ ğ“ˆğ“Šğ“‡ğ“‡â„´ğ“Šğ“ƒğ’¹â„¯ğ’¹ ğ’·ğ“ ğ“‰ğ“‡ğ“Šğ“ˆğ“‰ğ“Œâ„´ğ“‡ğ“‰ğ’½ğ“ ğ’»ğ“‡ğ’¾â„¯ğ“ƒğ’¹ğ“ˆ,
â„Šâ„´â„´ğ’¹ ğ’»ğ’¶ğ“‚ğ’¾ğ“ğ“ 
ğ’¶ğ“ƒğ’¹ ğ’¶ â„Šâ„´â„´ğ’¹ â„¯ğ“ƒğ“‹ğ’¾ğ“‡â„´ğ“ƒğ“‚â„¯ğ“ƒğ“‰.
â„ ğ’¶ğ“‚ ğ’¸â„´ğ“ƒğ“‰â„¯ğ“ƒğ“‰ ğ“Œğ’¾ğ“‰ğ’½ ğ“‚ğ“ ğ’¸ğ“Šğ“‡ğ“‡â„¯ğ“ƒğ“‰ ğ“ˆğ’¾ğ“‰ğ“Šğ’¶ğ“‰ğ’¾â„´ğ“ƒã€€â™¥

#richlife
#appreciate",Fri Mar 06 23:58:21 +0000 2020
1236080107447554048,RT @FRPSsupt: On #EmployeeAppreciation Day we want to #appreciate each &amp; every #faculty #staff #service member in our #FRPSFamily for bringâ€¦,Sat Mar 07 00:03:57 +0000 2020
1236086756761575424,RT @sylected: Guys do want gifts #Appreciate us ~#ValentinesDay2020 https://t.co/n5phlnq1cm,Sat Mar 07 00:30:22 +0000 2020
1236087792859369476,"RT @fran_pitre: See, feel, hear, touch, smell ... inspired to create.

#whereiwrite 
#inspired
#create 
#observe 
#praise 
#appreciate 
#beâ€¦",Sat Mar 07 00:34:29 +0000 2020
1236091819932422146,"SUF Spoilers**

*
*
*

I love skating rink aesthetics and so that episode really caught my eye. And Bismuth hasss a crushhh oooo. I was hoping Connie would show Steven how to skate but â˜º",Sat Mar 07 00:50:30 +0000 2020
1236091921736650753,And we're off â˜º #gorangers #playoffszn https://t.co/ASm0nhejCO,Sat Mar 07 00:50:54 +0000 2020
1236091961574113282,@TiredRai I'll keep that in mind next time I post her she'll have a name â˜º,Sat Mar 07 00:51:03 +0000 2020
1236092369533128705,@BarrySBrunswick @browndaal Thank you friend! â˜º,Sat Mar 07 00:52:41 +0000 2020
1236092678946906112,@AggroSloth Pennywise easily â˜º the new one,Sat Mar 07 00:53:54 +0000 2020
1236092764409954304,@askdes @GallantRI @UFCW400 @russianmachine @MelissaNordWx @RebeccaBuck @AgilistaAG @MDMEMA @AmyFrieder @WordsOfSarah @leadinglatte @EmGusk @ChiefGoddard @cheftony @MarinaMarraco @ReadyMontgomery @Bill_Burt_409 @sarahkaplan48 @CDCemergency @ABC7HeatherGraf @RachaelKWx @MDSHA Only the best for my list â˜º ğŸ‰!!,Sat Mar 07 00:54:15 +0000 2020
1236092785721315329,What are your favorite sex toys? Except hands â˜º #Oneida County   #cum #uk https://t.co/cIljQQfom9,Sat Mar 07 00:54:20 +0000 2020
1236092851932536832,"RT @hoyataegi: Here's a clip of predebut yoongi to make you smile â˜º 

https://t.co/4lnfsAZsb7",Sat Mar 07 00:54:36 +0000 2020
1236093065020006400,"Song: Let's go lesbians, let's go â˜º https://t.co/ammL9ax2BD",Sat Mar 07 00:55:26 +0000 2020
1236093196146552832,What are your favorite sex toys? Except hands â˜º #Gresham  #sussy #smile #music https://t.co/Gr9jboR5MD,Sat Mar 07 00:55:58 +0000 2020
1236093505635827712,"Got Pandora an early birthday present from @Chewy well c if she likes it though her litter box is alittle big for it, I guess well have to buy a smaller one ğŸ¤·â€â™€ï¸ hope she likes it â˜º https://t.co/jjy6kabbTz",Sat Mar 07 00:57:11 +0000 2020
1236093865880219649,"They are super closed friends, but now strangers â˜º",Sat Mar 07 00:58:37 +0000 2020
1236094356563677187,"Here for #FatalVows, good evening! TGIF! â˜º",Sat Mar 07 01:00:34 +0000 2020
1236094423244640256,"RT @D_Curwood: This is a real eyeopener, Claudette! Thanks for sharing your story â˜º https://t.co/PTOOtbQ3Pn",Sat Mar 07 01:00:50 +0000 2020
1236094437043953666,"Family &amp; Friends, Thanks For Your Ongoing #Support And Helping To Make This All Possible. We Love And #Appreciate Each Of You! Visit Us Hereâ†’ https://t.co/Bx85NTVFBm #Chattitudes https://t.co/GWPtOm4vKd",Sat Mar 07 01:00:53 +0000 2020
1236094491104358400,"What are your favorite sex toys? Except hands â˜º 
 #glasgow #bim https://t.co/HN6jKTN7wP",Sat Mar 07 01:01:06 +0000 2020
1236094557499969536,"I think he's wet but he could have backed into something.

I choose to think otherwise...it makes me happy.  â˜º",Sat Mar 07 01:01:22 +0000 2020
1236094589053870080,"@rrobertschwartz I drank some caffeine, opened the closet door.. had more caffeine.. &amp; closed the closet door. It's not happening today.. lol I did chop up a tree yesterday tho so I have good reason to be lazy today â˜º",Sat Mar 07 01:01:30 +0000 2020
1236094620305588224,"@Denis28912078 @Buffbrian120120 Then try, try again! â˜º",Sat Mar 07 01:01:37 +0000 2020
1236094658683359232,Follow everyone who LIKES and RTs this âœŒ â˜º,Sat Mar 07 01:01:46 +0000 2020
1236094905530773505,I love crew â˜º Super Saturday tomorrow! Yoongi bless me with patience for tech week tho https://t.co/PTYjLTn0OU,Sat Mar 07 01:02:45 +0000 2020
1236095100075139072,"@taayllorlynn A challenge I'm starting for non fat people to stop commenting on fat peoples ""health"" because they're ""concerned"" â˜º",Sat Mar 07 01:03:32 +0000 2020
1236095397631643648,"through ups and downs, I'll be right by your side. â˜º",Sat Mar 07 01:04:42 +0000 2020
1236095539583873026,"@_y0ungwon SAME :D Legit no one on this app appreciates him and thats so sad :c  He's amazing and I can't stop watching busking videos, song covers or livestreams when I catch one â˜º",Sat Mar 07 01:05:16 +0000 2020
1236095544747077634,"@spn_kk7 @Koreaboo Yes ğŸ‘ yesğŸ‘ yesğŸ‘ yesğŸ‘ yesğŸ‘ yes!  
â˜º",Sat Mar 07 01:05:18 +0000 2020
1236095585012404229,@cherryredd17 It's a good one for sure. To my mind there's definitely a strong undercurrent saturated with mischief! â˜º,Sat Mar 07 01:05:27 +0000 2020
1236095674384551941,"S3 @AmgMedikal aware @fellamakafui_ de33..... â˜º â˜º

Awaresooooooo ğŸ˜‚",Sat Mar 07 01:05:48 +0000 2020
1236095692679958528,"Hey LuvsğŸ™‹ğŸ½ğŸ’•..Where all my Tweeties at!?ğŸ‘€â˜º
âœ¨Newâœ¨ 
âœ¨Live Broadcast Acctâœ¨
Smokin n Vibin a bit ğŸ”¥ğŸ˜ŒğŸ¶
Oh trying short hair right now ğŸ˜† https://t.co/QmZSSmX2hR",Sat Mar 07 01:05:53 +0000 2020
1236096312749240320,"People be careful where you eat and whom you're eating with. Stay
around home this summer, save some money. Clean your homes, vehicles,  yard, have a sale. Most of all enjoy eachother like the old days â˜º",Sat Mar 07 01:08:21 +0000 2020
1236096368042823682,@MrTaedis @bettercallsmol That song is one of my favorites! I actually played the witch and it was an absolute dream â˜º,Sat Mar 07 01:08:34 +0000 2020
1236097028746342400,RT @ExposeSw: These were cropped to increase their exposure impact.  Here are the originals for your libraries â˜º https://t.co/X5jHecIoEK,Sat Mar 07 01:11:11 +0000 2020
1236097120072916992,Here at maingate or astro. â˜º #alterph #alterpampanga #alterclark #alterangeles,Sat Mar 07 01:11:33 +0000 2020
1236097183268638722,@skecchiart @LunarSpy Cute!!! I see no bully here. More blessed if anything. â˜º,Sat Mar 07 01:11:48 +0000 2020
1236097213090029568,@MudflapMc @realDonaldTrump Love the Tropicana Laugh Factory in Vegas! 2 drinks &amp; laugh the night away â˜º,Sat Mar 07 01:11:55 +0000 2020
1236097419986821120,"@bodysaylove Oh, I donâ€™t doubt it 1 bit ğŸ˜” Iâ€™m glad that most people are having the maturity to see this song/video for what it is â˜ºï¸ but itâ€™s just so annoying that thereâ€™s always someone who attempts to bring her down ğŸ˜’ğŸ’•",Sat Mar 07 01:12:45 +0000 2020
1236097481039114242,RT @RCydonia: This Night I'll dream of a clear Night sky! ğŸŒŒ ğŸŒŸ âœ¨ ğŸ’‹ â˜º ğŸŒ¹ https://t.co/leMPbWohuz,Sat Mar 07 01:12:59 +0000 2020
1236097659351547904,RT @ThickLizzy: Good morning. (I was edging for a date later today.) â˜º https://t.co/bXcTT02zBL,Sat Mar 07 01:13:42 +0000 2020
1236098002881851393,@newtnest @lynnmercereau Just for you â“‚ !! Gotta figure a way to roll the boxed wine into the system eh' â˜º https://t.co/C8N8r7GNjZ,Sat Mar 07 01:15:04 +0000 2020
1236098063887982593,@_neknek02 Good stuff ? â˜º any other shows you enjoy ?,Sat Mar 07 01:15:18 +0000 2020
1236098250370932739,"@mang_spider @AndrewYang @YangVets Oooo and I know she's watching, 

Cause I just got folloowwedddddddd
Aahhh!! â˜º",Sat Mar 07 01:16:03 +0000 2020
1236098468420243462,@RSRigda You are eternally youthful sis â˜º,Sat Mar 07 01:16:55 +0000 2020
1236098598242115584,"RT @RoXTigers14: I'm in a good mood so here's a second post for the day, awesomeness in DOJ. â˜º #DOJRP https://t.co/l6LVP4ahxS",Sat Mar 07 01:17:26 +0000 2020
1236098611412336641,@_OT__ @cathalina1972 You're not going to die alone â¬†ï¸...not with those Alluring eyes you have...no worries â˜º,Sat Mar 07 01:17:29 +0000 2020
1236098759035154432,@jonathansfrakes @SirPatStew Superb performance and episode. Loving the series so far! â˜º,Sat Mar 07 01:18:04 +0000 2020
1236098760280850440,"Boss Sae-royi looks so impressed again hihi â˜º You're ever so amazing, Yi-seo ğŸ˜©âœŠ #ItaewonClass https://t.co/jrjbgMgzFu",Sat Mar 07 01:18:04 +0000 2020
1236099078972293120,"RT @AzeelAnas1: #ThalapathyVijay Unseen Video â˜º

#Jilla - Song Making #Master

@RussianVJFans | @GuRuThalaiva |@ramk8060 | @ActorVijayTeamâ€¦",Sat Mar 07 01:19:20 +0000 2020
1236099154599796736,"âœ¨ THE END âœ¨

If umabot ka till here, thank you very much for reading. â˜º Sorry if medyo kalat yung ibang scenes, haha, type and post kasi ako, haha. Anyways, I hope you enjoyed this one shot. Thank you~

Share your thoughts by QRt or CC hihi ğŸ’­â¤ï¸
https://t.co/LEVj7RxQBu",Sat Mar 07 01:19:38 +0000 2020
1236099193355173888,"RT @unicahijjjaaaa: thankyou Lord, for waking me up today!! â˜º",Sat Mar 07 01:19:47 +0000 2020
1236099222035763200,"RT @blvcksnow_twt: 181212 WED

For fellow Armys.. I hope y'all will read this statement that I've made for this acc â˜º I'll appreciate it ifâ€¦",Sat Mar 07 01:19:54 +0000 2020
1236099365984296963,"RT @vanishingapples: LuSan loversâ€™ quarrel must be like 

San: LUCIFER ğŸ˜¡
Lu: (omg he dropped the -sama!) ğŸ˜²â˜ºï¸ğŸ’•",Sat Mar 07 01:20:29 +0000 2020
1236099401438957569,@DannyWest1 @DJ_Arkansas ğŸ—ğŸˆ you'll love it !! â˜º,Sat Mar 07 01:20:37 +0000 2020
1236099771187814400,@PascoSheriff No thank you â˜º https://t.co/sdGhiviI2G,Sat Mar 07 01:22:05 +0000 2020
1236099789680410624,RT @EmiliaFoxFan: Day 39 - here is my fave clip from Emiliaâ€™s thirty-ninth episodes; Change. Jack and Clarissaâ€™s first episodes â˜ºï¸ i love tâ€¦,Sat Mar 07 01:22:10 +0000 2020
1236099842394312707,"@BEASTBLADES from up on poppy hill, bcos that's one of my favorite studio ghibli films â˜º",Sat Mar 07 01:22:22 +0000 2020
1236099922136428548,"RT @The_HyperQueen: Be honest and answer 

1. Love you ğŸ˜˜
2. Boring ğŸ˜ª
3. Unique ğŸ˜²
4. Full of attitude ğŸ˜
5. Sweet ğŸ˜‹
6. Stranger â˜ºï¸
7. Crush oâ€¦",Sat Mar 07 01:22:41 +0000 2020
1236099930902720514,Ahh starember's beautiful art and hualian â˜º,Sat Mar 07 01:22:43 +0000 2020
1236099953845571584,@kylejenks1 @taylorswift13 Thanks so much â˜º And totally the Swiftie in us. Lol.,Sat Mar 07 01:22:49 +0000 2020
1236100085852680193,"RT @sabiila_: When baby goat sees a giant pup..ğŸ‘
Happy!! â˜º https://t.co/DAWe4A1UCp",Sat Mar 07 01:23:20 +0000 2020
1236100121059823617,"I want to say how pleased I am with my sub @BigMandingo12 â˜º
He's so eager to please &amp; learn, quick to complete tasks, weekly tributes early, extra gifts sent from my wishlist &amp; reimbursements made without question. He makes the extra effort to be the best sub. 
Subs take notes!",Sat Mar 07 01:23:29 +0000 2020
1236100128441856001,@JGravleySPORTS @PackMensBball Up to 10! Seems he might have been a bit under used this year. Although it is Wake and they don't seem to be at their best tonight either. Regardless I'm happy for him. â˜º â˜º,Sat Mar 07 01:23:30 +0000 2020
1236100192950157317,@JohnWBeaton @SimGuruNinja Sims 2 flashbacks â˜º,Sat Mar 07 01:23:46 +0000 2020
1236100324974145538,@TMackeben_CI @morteg01 Happy 21st Myra! â˜º,Sat Mar 07 01:24:17 +0000 2020
1236100421304881152,â˜º Nerd out with a sexy little redhead\https://t.co/MMs215I1Rb Lacey Bloom (21 Photos) https://t.co/StMq5h3P8H,Sat Mar 07 01:24:40 +0000 2020
1236100490925989888,RT @MuhdAizuddin19: I learn something about you â˜º,Sat Mar 07 01:24:57 +0000 2020
1236100564557037568,"My first Darkrai was shiny! â˜º

#Pokemon #PokemonGo https://t.co/bfz2HZs8iG",Sat Mar 07 01:25:14 +0000 2020
1236100771294273536,"4/ shine. for you are light and wonder. ğŸŒŸ

More poems! Which one is your favourite? â˜º

Or would you like to write your own? What word pairing (in CAPS) caught your eye? Give it a try! https://t.co/0fPxKYKplI",Sat Mar 07 01:26:04 +0000 2020
1236100791691284480,What are your favorite sex toys? Except hands â˜º #West Valley City   #finsub #style https://t.co/VRDX6Ee1Zc,Sat Mar 07 01:26:09 +0000 2020
1236101006481448960,"RT @MrThanimai_: Be honest and answer 

1. Love you ğŸ˜˜
2. Boring ğŸ˜ª
3. Unique ğŸ˜²
4. Full of attitude ğŸ˜
5. Sweet ğŸ˜‹
6. Stranger â˜ºï¸
7. Crush on yâ€¦",Sat Mar 07 01:27:00 +0000 2020
1236101762911817730,RT @RenaGarde: The Latest #Dancehall360 show with @robboranx back pon     @robboranxradio for reload    â˜º free hospital   â˜º world need theâ€¦,Sat Mar 07 01:30:00 +0000 2020
1236101947612188678,RT @KariJoys: #Sad and #glad are chapters of the same book.   RT @gede_prama @mysticpoetry @zaibuaayan #JoYTrain https://t.co/v4SgTac6Bz,Sat Mar 07 01:30:44 +0000 2020
1236101960563961856,"I have added Godt and Richy to my fav artists so not only Pope and Bella, I also post a lot about Godt and Richy. â˜º",Sat Mar 07 01:30:47 +0000 2020
1236102019657670657,Helsingor is the cutest Danish town! â˜º  https://t.co/DEzmWbJZi5 #travelphotography #Denmark #travelblog @LovingBlogs #bloggerstribe https://t.co/xvHk6YZ5PE,Sat Mar 07 01:31:01 +0000 2020
1236102025009606656,"RT @nomorenightowl: @texlovera â˜º Why, thank you. That thread has been waiting to be written for awhile. That tweet was the tipping point.",Sat Mar 07 01:31:03 +0000 2020
1236102171160014849,"@NILESH04 This is so true Sir, 
Very good morning. 
Have a great day!! â˜º",Sat Mar 07 01:31:37 +0000 2020
1236102455391379461,@sasor098 @Akurei87 Thank you so much! â˜º I'm so grateful I still got many good friends in my life. Despite ditching them for years lol ğŸ¥º I'll do my best! ğŸ˜„,Sat Mar 07 01:32:45 +0000 2020
1236102518914105344,@KruegerFAngel @clanceman65 @JacksGreatWhite @ledzeppelin @JayMetalPlowBoy @Shagggy79 @Rockdecades @MojoMoomey @JFKKimmel Me too of course â˜º,Sat Mar 07 01:33:00 +0000 2020
1236102808958431232,"RT @VoizeArt: @todowokie I prefer

â˜ºï¸
  |
  |
  | 
  |
  |
  |
 /|\
/ | \
  |
  |
  |
  |
  |
  |
  |
  |
  |
  |
  |    ğŸ˜¡
  |    / | \
 /â€¦",Sat Mar 07 01:34:09 +0000 2020
1236102828407418883,"@Llenard07 Happy Birthday, godbless you â˜º",Sat Mar 07 01:34:14 +0000 2020
1236102955683549184,"RT @QueenkofHearts2: Hey LuvsğŸ™‹ğŸ½ğŸ’•..Where all my Tweeties at!?ğŸ‘€â˜º
âœ¨Newâœ¨ 
âœ¨Live Broadcast Acctâœ¨
Smokin n Vibin a bit ğŸ”¥ğŸ˜ŒğŸ¶
Oh trying short hair râ€¦",Sat Mar 07 01:34:44 +0000 2020
1236102961819824128,Take your time to step out. That isn't easy after all. Make it slowly but surely! :) We're not close but I am supporting you!!! Kakayanin mo yan! I believe in you! â˜º,Sat Mar 07 01:34:46 +0000 2020
1236103160248352769,@diabolik_heart Thank you for sharing your thoughts with me! Im really excited to get into the series now!! â˜º,Sat Mar 07 01:35:33 +0000 2020
1236103402733465600,"""Dinasaaaaws""
This guy still loves all things dinosaurs â˜º He gets that from his older brother. He said dinosaur before he said mama ğŸ¤·ğŸ½â€â™€ï¸  but that's ok lol
.
Grab your reusable bags at olivewren and use JAVI15 toâ€¦ https://t.co/EzedCqsDcV",Sat Mar 07 01:36:31 +0000 2020
1236103692002013184,"@WordswithSteph Does @MickMulvaneyOMB follow @realDonaldTrump on twitter? You're fired, get over it â˜º",Sat Mar 07 01:37:40 +0000 2020
